PO Number,Release Number,PO Date,Dept #,Retailers PO #,Requested Ship / Delivery Date,Ship No Later,Cancel Date,Carrier,Carrier Details,Ship To Location,PO Line #,Qty Ordered,Unit of Measure,Unit Price,Buyer's Catalog or Stock Keeping #,UPC/EAN,Vendor Style,Retail Price,Product/Item Description,Color,Size,Pack Size,Pack Size UOM,Number of Inner Packs,Number of Pcs per Inner Pack,Store #,Qty per Store #,Record Type,PO purpose,PO Type,Contract number,Currency,Ship Status,Letter Of Credit,Vendor #,Division #,Cust Acct#,Cust Order #,Promo #,Ticket Desc,Other Info / #'s,Frt Terms,Carrier Ser Level,Payment Terms %,Payment Terms Disc Due Date,Payment Terms Disc Days Due,Payment Terms Net Due Date,Payment Terms Net Days,Payment Terms Disc Amt,Payment Terms Desc,Contact Phone,Contact Fax,Contact Email,Allow/Charge Type,Allow/Charge service,Allow/Charge amt,Allow/Charge %,Allow/Charge Rate,Allow/Charge Qty,Allow/Charge Desc,Ship To Name,Ship To Address 1,Ship to address 2,Ship to City,Ship To State,Ship to Zip,Ship To ctry,Ship To contact,Bill To Name,Bill To Address 1,Bill To address 2,Bill To City,Bill To State,Bill To Zip,Bill To ctry,Bill To contact,Buying Party Name,Buying Party Location,Buying Party Address 1,Buying Party address 2,Buying Party City,Buying Party State,Buying Party Zip,Buying Party ctry,Buying Party contact,Ultimate Location,Notes/Comments,Ship To Additional Name,Ship To Additional Name 2,Bill To Additional Name,Bill To Additional Name 2,Buyer Additional Name,Buyer Additional Name 2,GTIN,
3719189,,03/30/2015,,3719189,04/02/2015,,04/11/2015,,VENDOR GUIDE,904S,,,,,,,,,,,,,,,,,,H,Original,Stand Alone,,US Dollar,,,210953,,,,,,Dock Location SOUTH WHSE RCV DOCK ,Defined By Buyer or Seller SHIPPING POINT,  ,,,,,,,2% 60 NET 61,,,,,,,,,,,SPORTSMAN S DIST,CO OF GEORGIA LLC,5100 BASS PRO BLVD,MACON,GA,31210,US,,,,,,,,,,,,,,,,,,,,,,,,,,,
3719189,,,,,,,,,,904S,,178,Each,4.95,1187111,647484919192,CP100,,CHILLY PAD COOLING TOWEL,BLUE,NO SIZE,,,48,1,,,D,,,,,,,,,,,,,,,,,,,,,,,,,,,,,,,,,,,,,,,,,,,,,,,,,,,,,,,,,,,,,,,,,,
3719189,,,,,,,,,,904S,,48,Each,4.95,1602442,647484919222,CP100-11,,CHILLY PAD COOLING TOWEL,HOT PINK,NO SIZE,,,48,1,,,D,,,,,,,,,,,,,,,,,,,,,,,,,,,,,,,,,,,,,,,,,,,,,,,,,,,,,,,,,,,,,,,,,,
3719189,,,,,,,,,,904S,,48,Each,4.95,1602445,647484008810,CP100-47,,CHILLY PAD COOLING TOWEL,YELLOW,NO SIZE,,,48,1,,,D,,,,,,,,,,,,,,,,,,,,,,,,,,,,,,,,,,,,,,,,,,,,,,,,,,,,,,,,,,,,,,,,,,
3719189,,,,,,,,,,904S,,48,Each,4.95,1602473,647484919185,CP100-04,,CHILLY PAD COOLING TOWEL,SAND,NO SIZE,,,48,1,,,D,,,,,,,,,,,,,,,,,,,,,,,,,,,,,,,,,,,,,,,,,,,,,,,,,,,,,,,,,,,,,,,,,,
3719189,,,,,,,,,,904S,,34,Each,24.95,1660262,647484025800,NT8201-01LG,,TOADZ PANT,BLACK,L,,,12,1,,,D,,,,,,,,,,,,,,,,,,,,,,,,,,,,,,,,,,,,,,,,,,,,,,,,,,,,,,,,,,,,,,,,,,
3719189,,,,,,,,,,904S,,28,Each,24.95,1660263,647484025794,NT8201-01MD,,TOADZ PANT,BLACK,M,,,12,1,,,D,,,,,,,,,,,,,,,,,,,,,,,,,,,,,,,,,,,,,,,,,,,,,,,,,,,,,,,,,,,,,,,,,,
3719189,,,,,,,,,,904S,,12,Each,24.95,1660264,647484025787,NT8201-01SM,,TOADZ PANT,BLACK,S,,,12,1,,,D,,,,,,,,,,,,,,,,,,,,,,,,,,,,,,,,,,,,,,,,,,,,,,,,,,,,,,,,,,,,,,,,,,
3719189,,,,,,,,,,904S,,52,Each,24.95,1660265,647484025817,NT8201-01XL,,TOADZ PANT,BLACK,XL,,,12,1,,,D,,,,,,,,,,,,,,,,,,,,,,,,,,,,,,,,,,,,,,,,,,,,,,,,,,,,,,,,,,,,,,,,,,
3719189,,,,,,,,,,904S,,22,Each,24.95,1660266,647484025824,NT8201-012X,,TOADZ PANT,BLACK,XXL,,,12,1,,,D,,,,,,,,,,,,,,,,,,,,,,,,,,,,,,,,,,,,,,,,,,,,,,,,,,,,,,,,,,,,,,,,,,
3719189,,,,,,,,,,904S,,76,Each,29.95,1660277,647484025879,NT8211-01LG,,TOADZ BIB,BLACK,L,,,12,1,,,D,,,,,,,,,,,,,,,,,,,,,,,,,,,,,,,,,,,,,,,,,,,,,,,,,,,,,,,,,,,,,,,,,,
3719189,,,,,,,,,,904S,,40,Each,29.95,1660278,647484025862,NT8211-01MD,,TOADZ BIB,BLACK,M,,,12,1,,,D,,,,,,,,,,,,,,,,,,,,,,,,,,,,,,,,,,,,,,,,,,,,,,,,,,,,,,,,,,,,,,,,,,
3719189,,,,,,,,,,904S,,18,Each,29.95,1660279,647484025855,NT8211-01SM,,TOADZ BIB,BLACK,S,,,12,1,,,D,,,,,,,,,,,,,,,,,,,,,,,,,,,,,,,,,,,,,,,,,,,,,,,,,,,,,,,,,,,,,,,,,,
3719189,,,,,,,,,,904S,,87,Each,29.95,1660280,647484025886,NT8211-01XL,,TOADZ BIB,BLACK,XL,,,12,1,,,D,,,,,,,,,,,,,,,,,,,,,,,,,,,,,,,,,,,,,,,,,,,,,,,,,,,,,,,,,,,,,,,,,,
3719189,,,,,,,,,,904S,,45,Each,29.95,1660281,647484025893,NT8211-012X,,TOADZ BIB,BLACK,XXL,,,12,1,,,D,,,,,,,,,,,,,,,,,,,,,,,,,,,,,,,,,,,,,,,,,,,,,,,,,,,,,,,,,,,,,,,,,,
3719189,,,,,,,,,,904S,,48,Each,17.49,1859832,647484037537,PS63172-01LG,,BULL FROGG SIG75 JACKET,BLACK,L,,,12,1,,,D,,,,,,,,,,,,,,,,,,,,,,,,,,,,,,,,,,,,,,,,,,,,,,,,,,,,,,,,,,,,,,,,,,
3719189,,,,,,,,,,904S,,24,Each,17.49,1859833,647484037520,PS63172-01MD,,BULL FROGG SIG75 JACKET,BLACK,M,,,12,1,,,D,,,,,,,,,,,,,,,,,,,,,,,,,,,,,,,,,,,,,,,,,,,,,,,,,,,,,,,,,,,,,,,,,,
3719189,,,,,,,,,,904S,,12,Each,17.49,1859834,647484037513,PS63172-01SM,,BULL FROGG SIG75 JACKET,BLACK,S,,,12,1,,,D,,,,,,,,,,,,,,,,,,,,,,,,,,,,,,,,,,,,,,,,,,,,,,,,,,,,,,,,,,,,,,,,,,
3719189,,,,,,,,,,904S,,48,Each,17.49,1859835,647484037544,PS63172-01XL,,BULL FROGG SIG75 JACKET,BLACK,XL,,,12,1,,,D,,,,,,,,,,,,,,,,,,,,,,,,,,,,,,,,,,,,,,,,,,,,,,,,,,,,,,,,,,,,,,,,,,
3719189,,,,,,,,,,904S,,36,Each,17.49,1859836,647484037551,PS63172-01XX,,BULL FROGG SIG75 JACKET,BLACK,XXL,,,12,1,,,D,,,,,,,,,,,,,,,,,,,,,,,,,,,,,,,,,,,,,,,,,,,,,,,,,,,,,,,,,,,,,,,,,,
3719189,,,,,,,,,,904S,,36,Each,17.49,1859837,647484037650,PS63172-05LG,,BULL FROGG SIG75 JACKET,STONE,L,,,12,1,,,D,,,,,,,,,,,,,,,,,,,,,,,,,,,,,,,,,,,,,,,,,,,,,,,,,,,,,,,,,,,,,,,,,,
3719189,,,,,,,,,,904S,,12,Each,17.49,1859838,647484037643,PS63172-05MD,,BULL FROGG SIG75 JACKET,STONE,M,,,12,1,,,D,,,,,,,,,,,,,,,,,,,,,,,,,,,,,,,,,,,,,,,,,,,,,,,,,,,,,,,,,,,,,,,,,,
3719189,,,,,,,,,,904S,,12,Each,17.49,1859839,647484037636,PS63172-05SM,,BULL FROGG SIG75 JACKET,STONE,S,,,12,1,,,D,,,,,,,,,,,,,,,,,,,,,,,,,,,,,,,,,,,,,,,,,,,,,,,,,,,,,,,,,,,,,,,,,,
3719189,,,,,,,,,,904S,,36,Each,17.49,1859840,647484037667,PS63172-05XL,,BULL FROGG SIG75 JACKET,STONE,XL,,,12,1,,,D,,,,,,,,,,,,,,,,,,,,,,,,,,,,,,,,,,,,,,,,,,,,,,,,,,,,,,,,,,,,,,,,,,
3719189,,,,,,,,,,904S,,36,Each,17.49,1859841,647484037674,PS63172-05XX,,BULL FROGG SIG75 JACKET,STONE,XXL,,,12,1,,,D,,,,,,,,,,,,,,,,,,,,,,,,,,,,,,,,,,,,,,,,,,,,,,,,,,,,,,,,,,,,,,,,,,
3719189,,,,,,,,,,904S,,24,Each,17.49,1859842,647484037599,PS63172-02LG,,BULL FROGG SIG75 JACKET,NAVY BLUE,L,,,12,1,,,D,,,,,,,,,,,,,,,,,,,,,,,,,,,,,,,,,,,,,,,,,,,,,,,,,,,,,,,,,,,,,,,,,,
3719189,,,,,,,,,,904S,,12,Each,17.49,1859843,647484037582,PS63172-02MD,,BULL FROGG SIG75 JACKET,NAVY BLUE,M,,,12,1,,,D,,,,,,,,,,,,,,,,,,,,,,,,,,,,,,,,,,,,,,,,,,,,,,,,,,,,,,,,,,,,,,,,,,
3719189,,,,,,,,,,904S,,12,Each,17.49,1859844,647484037575,PS63172-02SM,,BULL FROGG SIG75 JACKET,NAVY BLUE,S,,,12,1,,,D,,,,,,,,,,,,,,,,,,,,,,,,,,,,,,,,,,,,,,,,,,,,,,,,,,,,,,,,,,,,,,,,,,
3719189,,,,,,,,,,904S,,24,Each,17.49,1859845,647484037605,PS63172-02XL,,BULL FROGG SIG75 JACKET,NAVY BLUE,XL,,,12,1,,,D,,,,,,,,,,,,,,,,,,,,,,,,,,,,,,,,,,,,,,,,,,,,,,,,,,,,,,,,,,,,,,,,,,
3719189,,,,,,,,,,904S,,12,Each,17.49,1859846,647484037612,PS63172-02XX,,BULL FROGG SIG75 JACKET,NAVY BLUE,XXL,,,12,1,,,D,,,,,,,,,,,,,,,,,,,,,,,,,,,,,,,,,,,,,,,,,,,,,,,,,,,,,,,,,,,,,,,,,,
3719189,,,,,,,,,,904S,,24,Each,17.49,1859970,647484037568,PS63172-01XXX,,BULL FROGG SIG75 JACKET,BLACK,3XL,,,12,1,,,D,,,,,,,,,,,,,,,,,,,,,,,,,,,,,,,,,,,,,,,,,,,,,,,,,,,,,,,,,,,,,,,,,,
3719189,,,,,,,,,,904S,,108,Each,11.49,1859984,647484037834,PS83172-01LG,,BULL FROGG PANT,BLACK,L,,,12,1,,,D,,,,,,,,,,,,,,,,,,,,,,,,,,,,,,,,,,,,,,,,,,,,,,,,,,,,,,,,,,,,,,,,,,
3719189,,,,,,,,,,904S,,24,Each,11.49,1859985,647484037827,PS83172-01MD,,BULL FROGG PANT,BLACK,M,,,12,1,,,D,,,,,,,,,,,,,,,,,,,,,,,,,,,,,,,,,,,,,,,,,,,,,,,,,,,,,,,,,,,,,,,,,,
3719189,,,,,,,,,,904S,,36,Each,11.49,1859986,647484037810,PS83172-01SM,,BULL FROGG PANT,BLACK,S,,,12,1,,,D,,,,,,,,,,,,,,,,,,,,,,,,,,,,,,,,,,,,,,,,,,,,,,,,,,,,,,,,,,,,,,,,,,
3719189,,,,,,,,,,904S,,60,Each,11.49,1859987,647484037841,PS83172-01XL,,BULL FROGG PANT,BLACK,XL,,,12,1,,,D,,,,,,,,,,,,,,,,,,,,,,,,,,,,,,,,,,,,,,,,,,,,,,,,,,,,,,,,,,,,,,,,,,
3719189,,,,,,,,,,904S,,36,Each,11.49,1859988,647484037858,PS83172-01XX,,BULL FROGG PANT,BLACK,XXL,,,12,1,,,D,,,,,,,,,,,,,,,,,,,,,,,,,,,,,,,,,,,,,,,,,,,,,,,,,,,,,,,,,,,,,,,,,,
3719189,,,,,,,,,,904S,,24,Each,11.49,1859989,647484037865,PS83172-01XXX,,BULL FROGG PANT,BLACK,3XL,,,12,1,,,D,,,,,,,,,,,,,,,,,,,,,,,,,,,,,,,,,,,,,,,,,,,,,,,,,,,,,,,,,,,,,,,,,,
3719189,,,,,,,,,,904S,,12,Each,39.95,2009173,647484043217,NT65120-12277SM,,ANURA 3-TONE TOADZ JACKET,DUST BLUE/SLATE,S,,,12,1,,,D,,,,,,,,,,,,,,,,,,,,,,,,,,,,,,,,,,,,,,,,,,,,,,,,,,,,,,,,,,,,,,,,,,
3719189,,,,,,,,,,904S,,24,Each,39.95,2009174,647484043224,NT65120-12277MD,,ANURA 3-TONE TOADZ JACKET,DUST BLUE/SLATE,M,,,12,1,,,D,,,,,,,,,,,,,,,,,,,,,,,,,,,,,,,,,,,,,,,,,,,,,,,,,,,,,,,,,,,,,,,,,,
3719189,,,,,,,,,,904S,,24,Each,39.95,2009175,647484043231,NT65120-12277LG,,ANURA 3-TONE TOADZ JACKET,DUST BLUE/SLATE,L,,,12,1,,,D,,,,,,,,,,,,,,,,,,,,,,,,,,,,,,,,,,,,,,,,,,,,,,,,,,,,,,,,,,,,,,,,,,
3719189,,,,,,,,,,904S,,60,Each,39.95,2009176,647484043248,NT65120-12277XL,,ANURA 3-TONE TOADZ JACKET,DUST BLUE/SLATE,XL,,,12,1,,,D,,,,,,,,,,,,,,,,,,,,,,,,,,,,,,,,,,,,,,,,,,,,,,,,,,,,,,,,,,,,,,,,,,
3719189,,,,,,,,,,904S,,36,Each,39.95,2009177,647484043255,NT65120-12277XX,,ANURA 3-TONE TOADZ JACKET,DUST BLUE/SLATE,XXL,,,12,1,,,D,,,,,,,,,,,,,,,,,,,,,,,,,,,,,,,,,,,,,,,,,,,,,,,,,,,,,,,,,,,,,,,,,,
3719189,,,,,,,,,,904S,,12,Each,39.95,2009178,647484043279,NT65120-11077SM,,ANURA 3-TONE TOADZ JACKET,RED/SLATE GRAY/,S,,,12,1,,,D,,,,,,,,,,,,,,,,,,,,,,,,,,,,,,,,,,,,,,,,,,,,,,,,,,,,,,,,,,,,,,,,,,
3719189,,,,,,,,,,904S,,24,Each,39.95,2009179,647484043286,NT65120-11077MD,,ANURA 3-TONE TOADZ JACKET,RED/SLATE GRAY/,M,,,12,1,,,D,,,,,,,,,,,,,,,,,,,,,,,,,,,,,,,,,,,,,,,,,,,,,,,,,,,,,,,,,,,,,,,,,,
3719189,,,,,,,,,,904S,,48,Each,39.95,2009180,647484043293,NT65120-11077LG,,ANURA 3-TONE TOADZ JACKET,RED/SLATE GRAY/,L,,,12,1,,,D,,,,,,,,,,,,,,,,,,,,,,,,,,,,,,,,,,,,,,,,,,,,,,,,,,,,,,,,,,,,,,,,,,
3719189,,,,,,,,,,904S,,60,Each,39.95,2009181,647484043309,NT65120-11077XL,,ANURA 3-TONE TOADZ JACKET,RED/SLATE GRAY/,XL,,,12,1,,,D,,,,,,,,,,,,,,,,,,,,,,,,,,,,,,,,,,,,,,,,,,,,,,,,,,,,,,,,,,,,,,,,,,
3719189,,,,,,,,,,904S,,36,Each,39.95,2009182,647484043316,NT65120-11077XX,,ANURA 3-TONE TOADZ JACKET,RED/SLATE GRAY/,XXL,,,12,1,,,D,,,,,,,,,,,,,,,,,,,,,,,,,,,,,,,,,,,,,,,,,,,,,,,,,,,,,,,,,,,,,,,,,,
3719189,,,,,,,,,,904S,,50,Each,14.49,2080316,647484047611,PA63122-01L,,CLASSIC50/BLACK/LRG/,BLACK,LARGE,,,12,1,,,D,,,,,,,,,,,,,,,,,,,,,,,,,,,,,,,,,,,,,,,,,,,,,,,,,,,,,,,,,,,,,,,,,,
3719189,,,,,,,,,,904S,,25,Each,14.49,2080317,647484047604,PA63122-01M,,CLASSIC50/BLACK/MED/,BLACK,MEDIUM,,,12,1,,,D,,,,,,,,,,,,,,,,,,,,,,,,,,,,,,,,,,,,,,,,,,,,,,,,,,,,,,,,,,,,,,,,,,
3719189,,,,,,,,,,904S,,22,Each,14.49,2080318,647484047598,PA63122-01S,,CLASSIC50/BLACK/SMALL/,BLACK,SMALL,,,12,1,,,D,,,,,,,,,,,,,,,,,,,,,,,,,,,,,,,,,,,,,,,,,,,,,,,,,,,,,,,,,,,,,,,,,,
3719189,,,,,,,,,,904S,,46,Each,14.49,2080319,647484047628,PA63122-01XL,,CLASSIC50/BLACK/XL/,BLACK,XLARGE,,,12,1,,,D,,,,,,,,,,,,,,,,,,,,,,,,,,,,,,,,,,,,,,,,,,,,,,,,,,,,,,,,,,,,,,,,,,
3719189,,,,,,,,,,904S,,55,Each,14.49,2080320,647484047635,PA63122-01XXL,,CLASSIC50/BLACK/XXL/,BLACK,XXL,,,12,1,,,D,,,,,,,,,,,,,,,,,,,,,,,,,,,,,,,,,,,,,,,,,,,,,,,,,,,,,,,,,,,,,,,,,,
3719189,,,,,,,,,,904S,,42,Each,14.49,2080321,647484047642,PA63122-01XXXL,,CLASSIC50/BLACK/3XL/,BLACK,3XL,,,12,1,,,D,,,,,,,,,,,,,,,,,,,,,,,,,,,,,,,,,,,,,,,,,,,,,,,,,,,,,,,,,,,,,,,,,,
3719189,,,,,,,,,,904S,,14,Each,14.49,2080322,647484047734,PA63122-07L,,CLASSIC50/CLOUD/LRG/,CLOUD,LARGE,,,12,1,,,D,,,,,,,,,,,,,,,,,,,,,,,,,,,,,,,,,,,,,,,,,,,,,,,,,,,,,,,,,,,,,,,,,,
3719189,,,,,,,,,,904S,,17,Each,14.49,2080323,647484047727,PA63122-07M,,CLASSIC50/CLOUD/MED/,CLOUD,MEDIUM,,,12,1,,,D,,,,,,,,,,,,,,,,,,,,,,,,,,,,,,,,,,,,,,,,,,,,,,,,,,,,,,,,,,,,,,,,,,
3719189,,,,,,,,,,904S,,5,Each,14.49,2080324,647484047710,PA63122-07S,,CLASSIC50/CLOUD/SMALL/,CLOUD,SMALL,,,12,1,,,D,,,,,,,,,,,,,,,,,,,,,,,,,,,,,,,,,,,,,,,,,,,,,,,,,,,,,,,,,,,,,,,,,,
3719189,,,,,,,,,,904S,,14,Each,14.49,2080325,647484047741,PA63122-07XL,,CLASSIC50/CLOUD/XL/,CLOUD,XLARGE,,,12,1,,,D,,,,,,,,,,,,,,,,,,,,,,,,,,,,,,,,,,,,,,,,,,,,,,,,,,,,,,,,,,,,,,,,,,
3719189,,,,,,,,,,904S,,12,Each,14.49,2080326,647484047758,PA63122-07XXL,,CLASSIC50/CLOUD/XXL/,CLOUD,XXL,,,12,1,,,D,,,,,,,,,,,,,,,,,,,,,,,,,,,,,,,,,,,,,,,,,,,,,,,,,,,,,,,,,,,,,,,,,,
3719189,,,,,,,,,,904S,,35,Each,14.49,2080328,647484047673,PA63122-12L,,CLASSIC50/RYLBL/LRG/,ROYAL BLUE,LARGE,,,12,1,,,D,,,,,,,,,,,,,,,,,,,,,,,,,,,,,,,,,,,,,,,,,,,,,,,,,,,,,,,,,,,,,,,,,,
3719189,,,,,,,,,,904S,,11,Each,14.49,2080329,647484047666,PA63122-12M,,CLASSIC50/RYLBL/MED/,ROYAL BLUE,MEDIUM,,,12,1,,,D,,,,,,,,,,,,,,,,,,,,,,,,,,,,,,,,,,,,,,,,,,,,,,,,,,,,,,,,,,,,,,,,,,
3719189,,,,,,,,,,904S,,3,Each,14.49,2080330,647484047659,PA63122-12S,,CLASSIC50/RYLBL/SMALL/,ROYAL BLUE,SMALL,,,12,1,,,D,,,,,,,,,,,,,,,,,,,,,,,,,,,,,,,,,,,,,,,,,,,,,,,,,,,,,,,,,,,,,,,,,,
3719189,,,,,,,,,,904S,,47,Each,14.49,2080331,647484047680,PA63122-12XL,,CLASSIC50/RYLBL/XL/,ROYAL BLUE,XLARGE,,,12,1,,,D,,,,,,,,,,,,,,,,,,,,,,,,,,,,,,,,,,,,,,,,,,,,,,,,,,,,,,,,,,,,,,,,,,
3719189,,,,,,,,,,904S,,17,Each,14.49,2080332,647484047697,PA63122-12XX,,CLASSIC50/RYLBL/XXL/,ROYAL BLUE,XXL,,,12,1,,,D,,,,,,,,,,,,,,,,,,,,,,,,,,,,,,,,,,,,,,,,,,,,,,,,,,,,,,,,,,,,,,,,,,
3719189,,,,,,,,,,904S,,4,Each,14.49,2080333,647484047703,PA63122-12XXX,,CLASSIC50/RYLBL/3XL/,ROYAL BLUE,3XL,,,12,1,,,D,,,,,,,,,,,,,,,,,,,,,,,,,,,,,,,,,,,,,,,,,,,,,,,,,,,,,,,,,,,,,,,,,,
3719189,,,,,,,,,,904S,,89,Each,9.49,2080337,647484047543,PA83122-01L,,CLASSIC50/BLACK/LRG/,BLACK,LARGE,,,12,1,,,D,,,,,,,,,,,,,,,,,,,,,,,,,,,,,,,,,,,,,,,,,,,,,,,,,,,,,,,,,,,,,,,,,,
3719189,,,,,,,,,,904S,,77,Each,9.49,2080338,647484047536,PA83122-01M,,CLASSIC50/BLACK/MED/,BLACK,MEDIUM,,,12,1,,,D,,,,,,,,,,,,,,,,,,,,,,,,,,,,,,,,,,,,,,,,,,,,,,,,,,,,,,,,,,,,,,,,,,
3719189,,,,,,,,,,904S,,29,Each,9.49,2080339,647484047529,PA83122-01S,,CLASSIC50/BLACK/SMALL/,BLACK,SMALL,,,12,1,,,D,,,,,,,,,,,,,,,,,,,,,,,,,,,,,,,,,,,,,,,,,,,,,,,,,,,,,,,,,,,,,,,,,,
3719189,,,,,,,,,,904S,,73,Each,9.49,2080340,647484047550,PA83122-01XL,,CLASSIC50/BLACK/XL/,BLACK,XLARGE,,,12,1,,,D,,,,,,,,,,,,,,,,,,,,,,,,,,,,,,,,,,,,,,,,,,,,,,,,,,,,,,,,,,,,,,,,,,
3719189,,,,,,,,,,904S,,33,Each,9.49,2080341,647484047567,PA83122-01XXL,,CLASSIC50/BLACK/XXL/,BLACK,XXL,,,12,1,,,D,,,,,,,,,,,,,,,,,,,,,,,,,,,,,,,,,,,,,,,,,,,,,,,,,,,,,,,,,,,,,,,,,,
3719189,,,,,,,,,,904S,,37,Each,9.49,2080342,647484047574,PA83122-01XXXL,,CLASSIC50/BLACK/3XL/,BLACK,3XL,,,12,1,,,D,,,,,,,,,,,,,,,,,,,,,,,,,,,,,,,,,,,,,,,,,,,,,,,,,,,,,,,,,,,,,,,,,,
3719189,,,,,,,,,,904S,,19,Each,14.49,2081507,647484049097,PA63522-01L,,L CLASSIC5/BLACK/LRG/,BLACK,LARGE,,,12,1,,,D,,,,,,,,,,,,,,,,,,,,,,,,,,,,,,,,,,,,,,,,,,,,,,,,,,,,,,,,,,,,,,,,,,
3719189,,,,,,,,,,904S,,13,Each,14.49,2081508,647484049080,PA63522-01M,,L CLASSIC5/BLACK/MED/,BLACK,MEDIUM,,,12,1,,,D,,,,,,,,,,,,,,,,,,,,,,,,,,,,,,,,,,,,,,,,,,,,,,,,,,,,,,,,,,,,,,,,,,
3719189,,,,,,,,,,904S,,10,Each,14.49,2081509,647484049073,PA63522-01S,,L CLASSIC5/BLACK/SMALL/,BLACK,SMALL,,,12,1,,,D,,,,,,,,,,,,,,,,,,,,,,,,,,,,,,,,,,,,,,,,,,,,,,,,,,,,,,,,,,,,,,,,,,
3719189,,,,,,,,,,904S,,20,Each,14.49,2081510,647484042470,PA63522-01XL,,L CLASSIC5/BLACK/XL/,BLACK,XLARGE,,,12,1,,,D,,,,,,,,,,,,,,,,,,,,,,,,,,,,,,,,,,,,,,,,,,,,,,,,,,,,,,,,,,,,,,,,,,
3719189,,,,,,,,,,904S,,23,Each,14.49,2081511,647484049110,PA63522-XXL,,L CLASSIC5/BLACK/XXL/,BLACK,XXL,,,12,1,,,D,,,,,,,,,,,,,,,,,,,,,,,,,,,,,,,,,,,,,,,,,,,,,,,,,,,,,,,,,,,,,,,,,,
3719189,,,,,,,,,,904S,,39,Each,14.49,2081512,647484049219,PA63522-15L,,L CLASSIC5/BLKCH/LRG/,BLACK CHERRY,LARGE,,,12,1,,,D,,,,,,,,,,,,,,,,,,,,,,,,,,,,,,,,,,,,,,,,,,,,,,,,,,,,,,,,,,,,,,,,,,
3719189,,,,,,,,,,904S,,15,Each,14.49,2081513,647484049202,PA63522-15M,,L CLASSIC5/BLKCH/MED/,BLACK CHERRY,MEDIUM,,,12,1,,,D,,,,,,,,,,,,,,,,,,,,,,,,,,,,,,,,,,,,,,,,,,,,,,,,,,,,,,,,,,,,,,,,,,
3719189,,,,,,,,,,904S,,9,Each,14.49,2081514,647484049196,PA63522-15S,,L CLASSIC5/BLKCH/SMALL/,BLACK CHERRY,SMALL,,,12,1,,,D,,,,,,,,,,,,,,,,,,,,,,,,,,,,,,,,,,,,,,,,,,,,,,,,,,,,,,,,,,,,,,,,,,
3719189,,,,,,,,,,904S,,42,Each,14.49,2081515,647484042593,PA63522-15XL,,L CLASSIC5/BLKCH/XL/,BLACK CHERRY,XLARGE,,,12,1,,,D,,,,,,,,,,,,,,,,,,,,,,,,,,,,,,,,,,,,,,,,,,,,,,,,,,,,,,,,,,,,,,,,,,
3719189,,,,,,,,,,904S,,16,Each,14.49,2081516,647484049233,PA63522-15XXL,,L CLASSIC5/BLKCH/XXL/,BLACK CHERRY,XXL,,,12,1,,,D,,,,,,,,,,,,,,,,,,,,,,,,,,,,,,,,,,,,,,,,,,,,,,,,,,,,,,,,,,,,,,,,,,
3719189,,,,,,,,,,904S,,37,Each,9.49,2081519,647484042708,PA83522-01L,,CLASSIC50/BLACK/LRG/,BLACK,LARGE,,,12,1,,,D,,,,,,,,,,,,,,,,,,,,,,,,,,,,,,,,,,,,,,,,,,,,,,,,,,,,,,,,,,,,,,,,,,
3719189,,,,,,,,,,904S,,41,Each,9.49,2081520,647484049325,PA83522-01M,,CLASSIC50/BLACK/MED/,BLACK,MEDIUM,,,12,1,,,D,,,,,,,,,,,,,,,,,,,,,,,,,,,,,,,,,,,,,,,,,,,,,,,,,,,,,,,,,,,,,,,,,,
3719189,,,,,,,,,,904S,,20,Each,9.49,2081521,647484049318,PA83522-01S,,CLASSIC50/BLACK/SMALL/,BLACK,SMALL,,,12,1,,,D,,,,,,,,,,,,,,,,,,,,,,,,,,,,,,,,,,,,,,,,,,,,,,,,,,,,,,,,,,,,,,,,,,
3719189,,,,,,,,,,904S,,23,Each,9.49,2081522,647484049349,PA83522-01XL,,CLASSIC50/BLACK/XL/,BLACK,XLARGE,,,12,1,,,D,,,,,,,,,,,,,,,,,,,,,,,,,,,,,,,,,,,,,,,,,,,,,,,,,,,,,,,,,,,,,,,,,,
3719189,,,,,,,,,,904S,,17,Each,9.49,2081523,647484049356,PA83522-01XXL,,CLASSIC50/BLACK/XXL/,BLACK,XXL,,,12,1,,,D,,,,,,,,,,,,,,,,,,,,,,,,,,,,,,,,,,,,,,,,,,,,,,,,,,,,,,,,,,,,,,,,,,
3719189,,,,,,,,,,904S,,11,Each,14.49,2099833,647484047789,PA63122-04L,,CLASSIC50/KHAKI/LRG/,KHAKI,LARGE,,,12,1,,,D,,,,,,,,,,,,,,,,,,,,,,,,,,,,,,,,,,,,,,,,,,,,,,,,,,,,,,,,,,,,,,,,,,
3719189,,,,,,,,,,904S,,27,Each,14.49,2099834,647484047772,PA63122-04M,,CLASSIC50/KHAKI/MED/,KHAKI,MEDIUM,,,12,1,,,D,,,,,,,,,,,,,,,,,,,,,,,,,,,,,,,,,,,,,,,,,,,,,,,,,,,,,,,,,,,,,,,,,,
3719189,,,,,,,,,,904S,,5,Each,14.49,2099835,647484047765,PA63122-04S,,CLASSIC50/KHAKI/SMALL/,KHAKI,SMALL,,,12,1,,,D,,,,,,,,,,,,,,,,,,,,,,,,,,,,,,,,,,,,,,,,,,,,,,,,,,,,,,,,,,,,,,,,,,
3719189,,,,,,,,,,904S,,25,Each,14.49,2099836,647484047796,PA63122-04XL,,CLASSIC50/KHAKI/XL/,KHAKI,XLARGE,,,12,1,,,D,,,,,,,,,,,,,,,,,,,,,,,,,,,,,,,,,,,,,,,,,,,,,,,,,,,,,,,,,,,,,,,,,,
3719189,,,,,,,,,,904S,,21,Each,14.49,2099837,647484047802,PA63122-04XXL,,CLASSIC50/KHAKI/XXL/,KHAKI,XXL,,,12,1,,,D,,,,,,,,,,,,,,,,,,,,,,,,,,,,,,,,,,,,,,,,,,,,,,,,,,,,,,,,,,,,,,,,,,
